Nombre;Precio;Stock
Camiseta Cobra Kai;20.99;50
Sudadera Miyagi-Do;0.0;30
Karategi Oficial Cobra Kai;-10.99;20
Munequera Cobra Kai;12.99;100
Poster Cobra Kai;9.99;80
"Taza Strike First; Strike Hard";-5.99;60
Bolsa de Deporte Cobra Kai;29.99;40
Cinta para la Cabeza Cobra Kai;0.0;120
Set de Llaveros Cobra Kai y Miyagi-Do;15.99;70
Botella Deportiva Cobra Kai;17.99;50
Alfombrilla para Mouse Cobra Kai;10.99;90
Gorra Cobra Kai;18.99;35
Funda para Telefono Cobra Kai;0.0;45
Pegatinas Cobra Kai;-3.99;150
Llavero Cobra Kai;7.99;100
Figura de Accion Johnny Lawrence;24.99;25
Libro de Filosofia Cobra Kai;-7.99;30
DVD Temporada 1 Cobra Kai;14.99;20
Pack de Bandanas Cobra Kai;11.99;80
Poster Edicion Limitada No Mercy;0.0;10
Cinta para la Cabeza Cobra Kai 20;0.99;102
Cinta para la Cabeza Cobra Kai 21;10.0;54
Alfombrilla para Mouse Cobra Kai 22;0.99;59
Cinta para la Cabeza Cobra Kai 23;5.99;30
Poster Cobra Kai 24;0.0;26
Funda para Telefono Cobra Kai 25;-10.0;39
Poster Cobra Kai 26;5.99;125
Llavero Cobra Kai 27;0.0;3
Cinta para la Cabeza Cobra Kai 28;10.0;98
Cinta para la Cabeza Cobra Kai 29;-9.01;129
Botella Deportiva Cobra Kai 30;99.0;75
Poster Edicion Limitada No Mercy 31;-5.0;133
Munequera Cobra Kai 32;-10.0;69
DVD Temporada 1 Cobra Kai 33;10.99;37
Pegatinas Cobra Kai 34;-4.01;23
Bolsa de Deporte Cobra Kai 35;0.99;27
Libro de Filosofia Cobra Kai 36;10.0;30
Pack de Bandanas Cobra Kai 37;99.99;133
Camiseta Cobra Kai 38;-10.0;123
Alfombrilla para Mouse Cobra Kai 39;5.99;133
"Taza Strike First; Strike Hard 40";-5.0;5
Libro de Filosofia Cobra Kai 41;-10.0;35
Set de Llaveros Cobra Kai y Miyagi-Do 42;5.99;61
Poster Edicion Limitada No Mercy 43;99.0;139
Llavero Cobra Kai 44;50.99;142
Libro de Filosofia Cobra Kai 45;20.99;70
Sudadera Miyagi-Do 46;5.0;116
Sudadera Miyagi-Do 47;20.0;57
Cinta para la Cabeza Cobra Kai 48;99.0;52
Botella Deportiva Cobra Kai 49;10.99;141
Alfombrilla para Mouse Cobra Kai 50;-10.0;148
Cinta para la Cabeza Cobra Kai 51;20.99;147
Poster Edicion Limitada No Mercy 52;10.99;116
Sudadera Miyagi-Do 53;10.99;133
Figura de Accion Johnny Lawrence 54;50.0;77
Funda para Telefono Cobra Kai 55;50.0;120
DVD Temporada 1 Cobra Kai 56;99.0;80
Libro de Filosofia Cobra Kai 57;-4.01;14
Karategi Oficial Cobra Kai 58;50.99;112
Libro de Filosofia Cobra Kai 59;20.0;10
Bolsa de Deporte Cobra Kai 60;20.99;63
Figura de Accion Johnny Lawrence 61;-9.01;54
Cinta para la Cabeza Cobra Kai 62;50.99;74
Figura de Accion Johnny Lawrence 63;20.0;49
Poster Cobra Kai 64;50.99;62
Poster Cobra Kai 65;5.0;73
Poster Edicion Limitada No Mercy 66;-4.01;131
Cinta para la Cabeza Cobra Kai 67;-5.0;58
Alfombrilla para Mouse Cobra Kai 68;-4.01;72
"Taza Strike First; Strike Hard 69";5.99;11
Pegatinas Cobra Kai 70;-5.0;124
Set de Llaveros Cobra Kai y Miyagi-Do 71;-5.0;117
Munequera Cobra Kai 72;50.0;141
Funda para Telefono Cobra Kai 73;10.0;115
Libro de Filosofia Cobra Kai 74;20.99;28
Munequera Cobra Kai 75;0.0;71
Funda para Telefono Cobra Kai 76;99.0;85
Karategi Oficial Cobra Kai 77;0.99;50
Bolsa de Deporte Cobra Kai 78;0.0;71
Bolsa de Deporte Cobra Kai 79;-10.0;138
Pack de Bandanas Cobra Kai 80;-9.01;21
Set de Llaveros Cobra Kai y Miyagi-Do 81;20.0;48
"Taza Strike First; Strike Hard 82";-9.01;34
Pegatinas Cobra Kai 83;-10.0;9
Alfombrilla para Mouse Cobra Kai 84;0.0;86
Pack de Bandanas Cobra Kai 85;99.0;25
Llavero Cobra Kai 86;20.0;143
Cinta para la Cabeza Cobra Kai 87;5.99;90
Pack de Bandanas Cobra Kai 88;20.0;87
Poster Edicion Limitada No Mercy 89;-9.01;99
Poster Edicion Limitada No Mercy 90;0.0;10
Gorra Cobra Kai 91;50.99;123
Figura de Accion Johnny Lawrence 92;10.99;15
Camiseta Cobra Kai 93;20.99;86
Sudadera Miyagi-Do 94;5.99;37
Alfombrilla para Mouse Cobra Kai 95;10.0;116
Poster Edicion Limitada No Mercy 96;20.99;97
DVD Temporada 1 Cobra Kai 97;-4.01;32
Poster Edicion Limitada No Mercy 98;-9.01;70
Munequera Cobra Kai 99;-10.0;119
Bolsa de Deporte Cobra Kai 100;99.0;54
Gorra Cobra Kai 101;99.99;29
Bolsa de Deporte Cobra Kai 102;50.0;98
Poster Edicion Limitada No Mercy 103;-10.0;12
Alfombrilla para Mouse Cobra Kai 104;20.0;5
Cinta para la Cabeza Cobra Kai 105;0.99;100
Cinta para la Cabeza Cobra Kai 106;99.99;72
Poster Edicion Limitada No Mercy 107;5.0;51
Funda para Telefono Cobra Kai 108;-10.0;33
DVD Temporada 1 Cobra Kai 109;50.99;51
Alfombrilla para Mouse Cobra Kai 110;50.99;9
"Taza Strike First; Strike Hard 111";50.0;130
Libro de Filosofia Cobra Kai 112;10.99;147
Botella Deportiva Cobra Kai 113;-5.0;15
Karategi Oficial Cobra Kai 114;50.0;42
Karategi Oficial Cobra Kai 115;99.99;40
Poster Cobra Kai 116;99.99;32
Funda para Telefono Cobra Kai 117;5.99;8
Bolsa de Deporte Cobra Kai 118;10.99;26
Camiseta Cobra Kai 119;10.0;30
Sudadera Miyagi-Do 120;-4.01;8
Pegatinas Cobra Kai 121;5.0;2
Set de Llaveros Cobra Kai y Miyagi-Do 122;0.0;53
Llavero Cobra Kai 123;0.99;95
Libro de Filosofia Cobra Kai 124;20.99;28
Figura de Accion Johnny Lawrence 125;50.99;55
Cinta para la Cabeza Cobra Kai 126;5.99;136
Gorra Cobra Kai 127;0.0;9
Karategi Oficial Cobra Kai 128;99.99;124
Gorra Cobra Kai 129;-4.01;6
Funda para Telefono Cobra Kai 130;50.99;110
Llavero Cobra Kai 131;10.99;75
Bolsa de Deporte Cobra Kai 132;5.0;118
Funda para Telefono Cobra Kai 133;5.0;90
Alfombrilla para Mouse Cobra Kai 134;-9.01;52
Camiseta Cobra Kai 135;10.99;58
Set de Llaveros Cobra Kai y Miyagi-Do 136;50.99;88
Funda para Telefono Cobra Kai 137;50.0;130
Poster Cobra Kai 138;-10.0;125
Alfombrilla para Mouse Cobra Kai 139;5.0;94
Botella Deportiva Cobra Kai 140;10.0;44
Llavero Cobra Kai 141;50.99;148
Sudadera Miyagi-Do 142;20.0;68
Figura de Accion Johnny Lawrence 143;-5.0;11
Munequera Cobra Kai 144;10.99;71
"Taza Strike First; Strike Hard 145";5.99;128
Poster Edicion Limitada No Mercy 146;10.99;110
Sudadera Miyagi-Do 147;-10.0;104
"Taza Strike First; Strike Hard 148";10.0;122
Funda para Telefono Cobra Kai 149;0.0;94
Cinta para la Cabeza Cobra Kai 150;0.0;51
"Taza Strike First; Strike Hard 151";99.99;103
Cinta para la Cabeza Cobra Kai 152;5.0;67
Camiseta Cobra Kai 153;20.0;86
Sudadera Miyagi-Do 154;-9.01;144
Set de Llaveros Cobra Kai y Miyagi-Do 155;20.99;24
Munequera Cobra Kai 156;-10.0;70
Gorra Cobra Kai 157;5.99;10
Poster Edicion Limitada No Mercy 158;50.0;27
Gorra Cobra Kai 159;99.0;1
DVD Temporada 1 Cobra Kai 160;50.99;111
Alfombrilla para Mouse Cobra Kai 161;-9.01;100
Libro de Filosofia Cobra Kai 162;5.0;122
Funda para Telefono Cobra Kai 163;99.99;42
Poster Edicion Limitada No Mercy 164;20.0;141
Figura de Accion Johnny Lawrence 165;50.99;120
Figura de Accion Johnny Lawrence 166;-9.01;50
Sudadera Miyagi-Do 167;0.99;5
Poster Edicion Limitada No Mercy 168;5.99;26
Botella Deportiva Cobra Kai 169;50.0;23
Poster Cobra Kai 170;-10.0;144
Poster Edicion Limitada No Mercy 171;-4.01;119
Sudadera Miyagi-Do 172;99.99;75
Poster Cobra Kai 173;0.99;148
Poster Edicion Limitada No Mercy 174;-4.01;85
Funda para Telefono Cobra Kai 175;10.99;97
Pack de Bandanas Cobra Kai 176;-10.0;135
Llavero Cobra Kai 177;99.0;110
Set de Llaveros Cobra Kai y Miyagi-Do 178;0.99;4
Libro de Filosofia Cobra Kai 179;-10.0;7
Munequera Cobra Kai 180;99.0;23
Figura de Accion Johnny Lawrence 181;20.0;112
Llavero Cobra Kai 182;99.99;12
Bolsa de Deporte Cobra Kai 183;-10.0;108
DVD Temporada 1 Cobra Kai 184;-5.0;141
Pegatinas Cobra Kai 185;10.99;117
Funda para Telefono Cobra Kai 186;10.0;5
Gorra Cobra Kai 187;-5.0;54
Funda para Telefono Cobra Kai 188;20.99;112
Figura de Accion Johnny Lawrence 189;0.0;30
"Taza Strike First; Strike Hard 190";5.99;59
Camiseta Cobra Kai 191;-10.0;132
Pegatinas Cobra Kai 192;5.99;41
Karategi Oficial Cobra Kai 193;50.99;79
DVD Temporada 1 Cobra Kai 194;-4.01;78
Bolsa de Deporte Cobra Kai 195;99.99;84
Sudadera Miyagi-Do 196;20.99;97
Poster Cobra Kai 197;20.0;40
Llavero Cobra Kai 198;10.0;37
Botella Deportiva Cobra Kai 199;20.0;4
